year,percent_top_10
2016,0.860189758
2017,0.732807143
2018,0.708396904
2019,0.685236532
2020,0.79620742
2021,0.709976143
2022,0.672839071
2023,0.70977872
2024,0.767354267
2025,0.667097111
